user_id,team,task_type,date,task_duration_minutes,used_ai_tool,ai_prediction_accuracy
1172,Finance,hiring_pipeline,2025-02-25,44,True,0.96
1085,People,hiring_pipeline,2025-03-26,38,True,0.87
1077,People,hiring_pipeline,2025-03-27,66,False,
1084,Sales,hiring_pipeline,2025-03-12,55,True,0.67
1171,Sales,quote_builder,2025-03-20,57,False,
1104,People,forecast_model,2025-02-08,57,False,
1054,Sales,hiring_pipeline,2025-03-01,75,False,
1114,People,quote_builder,2025-03-07,67,False,
1189,Finance,forecast_model,2025-02-06,55,False,
1024,Finance,hiring_pipeline,2025-01-29,45,True,0.66
1012,Finance,budget_reconciliation,2025-03-20,35,True,0.77
1162,People,quote_builder,2025-04-02,55,False,
1127,Sales,quote_builder,2025-01-19,42,True,0.94
1198,Finance,budget_reconciliation,2025-01-29,20,True,0.91
1179,People,budget_reconciliation,2025-01-07,22,True,0.95
1032,Sales,quote_builder,2025-04-13,54,False,
1171,People,hiring_pipeline,2025-04-07,49,False,
1157,People,budget_reconciliation,2025-04-17,63,False,
1041,People,budget_reconciliation,2025-02-27,50,False,
1193,Finance,hiring_pipeline,2025-04-09,45,False,
1161,Finance,hiring_pipeline,2025-02-26,54,True,0.87
1061,Sales,hiring_pipeline,2025-02-10,37,True,0.65
1060,Sales,quote_builder,2025-04-01,40,True,0.62
1105,Sales,budget_reconciliation,2025-02-23,25,True,0.68
1108,Sales,forecast_model,2025-04-20,54,False,
1123,Finance,hiring_pipeline,2025-02-08,61,False,
1108,People,quote_builder,2025-03-04,28,True,0.7
1125,Finance,budget_reconciliation,2025-02-13,63,False,
1186,Finance,budget_reconciliation,2025-04-28,33,True,0.97
1137,Finance,budget_reconciliation,2025-03-17,37,True,0.63
1110,Finance,budget_reconciliation,2025-01-24,33,True,0.7
1084,Finance,budget_reconciliation,2025-02-11,78,False,
1195,Sales,hiring_pipeline,2025-04-07,59,False,
1065,Finance,budget_reconciliation,2025-01-03,29,True,0.98
1090,Finance,forecast_model,2025-04-10,48,True,0.89
1064,Finance,forecast_model,2025-03-21,27,True,0.69
1122,People,forecast_model,2025-03-14,42,True,0.78
1066,Sales,quote_builder,2025-03-19,20,True,0.9
1042,Sales,forecast_model,2025-03-16,26,True,0.95
1148,People,budget_reconciliation,2025-02-20,41,True,0.63
1177,People,quote_builder,2025-01-14,67,False,
1176,People,forecast_model,2025-04-12,41,True,0.73
1110,People,hiring_pipeline,2025-01-09,58,False,
1004,Sales,budget_reconciliation,2025-01-14,56,False,
1093,People,budget_reconciliation,2025-04-01,25,True,0.77
1188,People,hiring_pipeline,2025-03-20,52,False,
1120,Sales,hiring_pipeline,2025-02-11,35,True,0.92
1023,Sales,budget_reconciliation,2025-02-01,70,False,
1146,People,budget_reconciliation,2025-02-13,43,True,0.79
1084,Finance,budget_reconciliation,2025-01-28,42,False,
1067,Sales,hiring_pipeline,2025-04-23,63,False,
1143,Finance,quote_builder,2025-01-11,36,True,0.87
1126,People,quote_builder,2025-03-30,53,False,
1166,People,budget_reconciliation,2025-02-27,46,True,0.64
1057,Sales,quote_builder,2025-02-09,70,False,
1122,People,hiring_pipeline,2025-02-24,69,False,
1091,People,budget_reconciliation,2025-02-04,51,False,
1065,Finance,forecast_model,2025-04-03,36,True,0.72
1191,People,quote_builder,2025-01-25,43,True,0.88
1071,People,hiring_pipeline,2025-01-13,49,True,0.71
1093,Finance,hiring_pipeline,2025-01-02,35,True,0.7
1014,People,hiring_pipeline,2025-03-31,38,True,0.84
1193,Sales,forecast_model,2025-04-22,28,True,0.82
1121,Sales,budget_reconciliation,2025-02-13,28,True,0.97
1065,Sales,forecast_model,2025-04-16,48,True,0.75
1019,People,forecast_model,2025-01-20,53,True,0.91
1078,Finance,quote_builder,2025-01-16,59,False,
1156,People,quote_builder,2025-04-10,70,False,
1116,Sales,hiring_pipeline,2025-04-21,63,False,
1079,People,forecast_model,2025-03-20,33,True,0.96
1054,People,quote_builder,2025-02-03,43,True,0.66
1045,People,forecast_model,2025-01-21,55,True,0.76
1177,People,budget_reconciliation,2025-02-07,39,True,0.69
1181,Sales,budget_reconciliation,2025-01-10,55,True,0.95
1161,People,quote_builder,2025-02-24,13,True,0.81
1166,Finance,hiring_pipeline,2025-04-16,48,True,0.63
1043,Sales,hiring_pipeline,2025-02-26,40,True,0.78
1078,People,budget_reconciliation,2025-05-01,57,False,
1129,People,budget_reconciliation,2025-02-26,40,True,0.83
1111,People,hiring_pipeline,2025-03-19,40,False,
1007,Finance,quote_builder,2025-03-28,37,True,0.98
1173,Sales,forecast_model,2025-04-08,43,True,0.78
1167,Sales,hiring_pipeline,2025-01-24,74,False,
1163,Sales,forecast_model,2025-03-02,54,False,
1105,Sales,hiring_pipeline,2025-03-27,31,True,0.93
1085,Sales,budget_reconciliation,2025-02-06,54,False,
1195,People,forecast_model,2025-02-28,49,True,0.72
1083,Finance,budget_reconciliation,2025-04-21,43,True,0.85
1139,Sales,budget_reconciliation,2025-01-07,34,True,0.8
1160,Sales,budget_reconciliation,2025-04-08,45,True,0.68
1141,Finance,hiring_pipeline,2025-02-26,60,False,
1032,Finance,quote_builder,2025-04-01,49,True,0.72
1004,People,budget_reconciliation,2025-01-12,32,True,0.98
1030,Sales,forecast_model,2025-03-24,36,True,0.79
1184,Sales,hiring_pipeline,2025-02-23,56,False,
1121,Finance,budget_reconciliation,2025-03-12,25,True,0.75
1154,People,quote_builder,2025-04-21,42,True,0.7
1107,Sales,hiring_pipeline,2025-04-16,42,True,0.71
1077,People,budget_reconciliation,2025-04-21,40,True,0.77
1124,Sales,hiring_pipeline,2025-03-12,57,False,
1117,Sales,quote_builder,2025-03-31,25,True,0.82
1060,Sales,forecast_model,2025-02-10,55,False,
1181,Sales,budget_reconciliation,2025-03-26,36,True,0.79
1010,Finance,hiring_pipeline,2025-04-22,31,True,0.93
1113,Finance,budget_reconciliation,2025-01-02,38,True,0.76
1168,Finance,forecast_model,2025-03-02,64,False,
1087,People,budget_reconciliation,2025-03-25,58,True,0.92
1173,People,budget_reconciliation,2025-02-10,61,False,
1139,Finance,forecast_model,2025-01-31,62,False,
1059,People,forecast_model,2025-02-25,39,True,0.89
1181,Finance,budget_reconciliation,2025-01-22,40,False,
1008,Finance,hiring_pipeline,2025-04-12,39,True,0.71
1096,Sales,quote_builder,2025-02-01,60,False,
1145,People,quote_builder,2025-01-22,64,True,0.63
1098,People,quote_builder,2025-03-05,38,True,0.69
1164,Sales,budget_reconciliation,2025-02-02,43,True,0.94
1120,Sales,quote_builder,2025-01-10,59,False,
1089,People,hiring_pipeline,2025-03-23,48,False,
1177,Sales,budget_reconciliation,2025-04-19,71,False,
1051,Sales,budget_reconciliation,2025-01-14,47,True,0.74
1092,People,hiring_pipeline,2025-03-31,67,False,
1006,People,budget_reconciliation,2025-02-05,30,True,0.82
1176,People,forecast_model,2025-04-27,74,False,
1074,Finance,hiring_pipeline,2025-01-29,25,True,0.84
1174,People,quote_builder,2025-03-22,45,True,0.94
1166,Finance,hiring_pipeline,2025-04-11,81,False,
1009,People,hiring_pipeline,2025-04-04,30,True,0.63
1076,Sales,budget_reconciliation,2025-01-23,34,True,0.65
1139,Sales,hiring_pipeline,2025-04-17,40,True,0.7
1124,Sales,hiring_pipeline,2025-04-13,34,True,0.78
1020,Finance,quote_builder,2025-04-21,44,False,
1143,Sales,forecast_model,2025-04-12,60,False,
1004,Sales,forecast_model,2025-02-28,49,False,
1173,People,hiring_pipeline,2025-03-16,64,False,
1164,Sales,forecast_model,2025-03-28,30,True,0.78
1159,People,hiring_pipeline,2025-04-28,55,True,0.85
1163,Sales,hiring_pipeline,2025-03-25,52,False,
1030,Finance,forecast_model,2025-01-05,56,False,
1127,Finance,forecast_model,2025-01-31,48,True,0.75
1095,People,budget_reconciliation,2025-03-17,27,True,0.94
1168,Finance,budget_reconciliation,2025-03-20,62,False,
1072,Finance,hiring_pipeline,2025-01-28,73,False,
1114,Finance,hiring_pipeline,2025-01-13,43,False,
1140,People,hiring_pipeline,2025-01-08,61,False,
1071,Finance,forecast_model,2025-04-19,62,False,
1024,People,quote_builder,2025-03-24,47,True,0.62
1086,Finance,quote_builder,2025-04-11,27,True,0.63
1196,People,quote_builder,2025-03-17,26,True,0.91
1060,Sales,quote_builder,2025-04-11,45,True,0.71
1038,Finance,hiring_pipeline,2025-04-13,42,True,0.64
1007,Finance,forecast_model,2025-02-15,42,True,0.82
1005,Finance,hiring_pipeline,2025-01-07,43,True,0.88
1135,Finance,forecast_model,2025-03-02,53,False,
1200,Sales,forecast_model,2025-02-27,42,True,0.96
1012,People,hiring_pipeline,2025-02-28,42,True,0.62
1123,Sales,budget_reconciliation,2025-03-29,32,True,0.79
1114,Finance,forecast_model,2025-02-11,58,True,0.62
1071,People,hiring_pipeline,2025-02-18,64,False,
1117,People,budget_reconciliation,2025-01-13,28,True,0.92
1167,People,quote_builder,2025-02-25,66,False,
1059,Sales,hiring_pipeline,2025-04-16,50,False,
1103,Sales,forecast_model,2025-02-10,67,False,
1081,People,hiring_pipeline,2025-02-17,51,True,0.86
1122,Finance,forecast_model,2025-04-17,31,True,0.64
1025,People,hiring_pipeline,2025-04-14,49,True,0.81
1151,People,hiring_pipeline,2025-03-27,44,True,0.76
1171,Sales,forecast_model,2025-02-06,68,False,
1091,Finance,quote_builder,2025-01-20,78,False,
1058,Finance,hiring_pipeline,2025-04-19,57,False,
1030,Sales,quote_builder,2025-04-14,52,False,
1144,People,forecast_model,2025-03-19,51,False,
1008,Finance,hiring_pipeline,2025-03-31,51,False,
1087,Sales,forecast_model,2025-01-24,39,True,0.82
1103,Finance,quote_builder,2025-04-05,43,True,0.63
1136,Finance,budget_reconciliation,2025-02-23,62,False,
1088,Finance,hiring_pipeline,2025-02-09,68,False,
1199,People,forecast_model,2025-04-24,40,True,0.66
1194,People,forecast_model,2025-03-28,54,True,0.7
1170,Sales,budget_reconciliation,2025-03-19,57,False,
1107,Sales,quote_builder,2025-04-07,67,True,0.73
1029,Sales,budget_reconciliation,2025-03-09,66,False,
1012,Finance,budget_reconciliation,2025-03-18,31,True,0.6
1078,Finance,quote_builder,2025-04-08,49,False,
1075,Sales,forecast_model,2025-01-01,64,False,
1192,Sales,quote_builder,2025-01-17,57,False,
1137,People,quote_builder,2025-03-06,67,False,
1019,Sales,forecast_model,2025-02-25,44,True,0.77
1020,Sales,budget_reconciliation,2025-03-15,59,False,
1182,People,budget_reconciliation,2025-02-07,31,True,0.75
1084,Finance,budget_reconciliation,2025-04-17,44,False,
1023,Sales,forecast_model,2025-02-01,55,False,
1151,Sales,forecast_model,2025-02-20,68,False,
1191,Sales,quote_builder,2025-02-12,42,True,0.63
1163,Finance,quote_builder,2025-04-26,47,False,
1090,People,quote_builder,2025-01-31,41,True,0.66
1051,Finance,quote_builder,2025-04-08,43,True,0.67
1198,People,budget_reconciliation,2025-03-01,51,False,
1175,People,hiring_pipeline,2025-04-21,61,False,
1039,Sales,forecast_model,2025-03-02,60,False,
1162,Sales,hiring_pipeline,2025-03-17,28,True,0.73
1019,Sales,budget_reconciliation,2025-02-27,43,True,0.62
1074,Finance,forecast_model,2025-03-20,65,False,
1119,People,forecast_model,2025-02-27,50,True,0.72
1122,People,quote_builder,2025-01-08,70,False,
1027,Sales,forecast_model,2025-03-06,26,True,0.61
1182,Sales,budget_reconciliation,2025-03-09,30,True,0.74
1073,Sales,budget_reconciliation,2025-04-10,65,False,
1174,People,forecast_model,2025-04-12,65,False,
1017,Sales,forecast_model,2025-03-13,65,False,
1073,Sales,quote_builder,2025-02-12,78,True,0.82
1037,Sales,hiring_pipeline,2025-03-25,65,False,
1034,People,forecast_model,2025-02-09,71,False,
1165,Sales,quote_builder,2025-03-27,49,True,0.85
1109,People,hiring_pipeline,2025-01-03,66,False,
1080,Finance,quote_builder,2025-02-13,56,False,
1050,Finance,quote_builder,2025-01-20,47,True,0.71
1026,People,forecast_model,2025-03-26,52,False,
1197,People,quote_builder,2025-03-18,57,False,
1040,Finance,quote_builder,2025-04-17,35,True,0.87
1012,Sales,hiring_pipeline,2025-03-28,40,True,0.97
1157,Sales,budget_reconciliation,2025-01-30,63,True,0.72
1121,Finance,hiring_pipeline,2025-03-28,41,False,
1119,Sales,budget_reconciliation,2025-03-06,66,False,
1042,Finance,quote_builder,2025-04-22,43,False,
1014,People,budget_reconciliation,2025-04-22,55,False,
1142,Finance,forecast_model,2025-02-06,50,True,0.89
1070,Sales,quote_builder,2025-04-17,60,False,
1024,Finance,budget_reconciliation,2025-04-24,49,False,
1007,Sales,forecast_model,2025-02-20,52,False,
1061,Sales,forecast_model,2025-02-17,46,True,0.61
1026,People,hiring_pipeline,2025-04-12,32,True,0.65
1074,Sales,quote_builder,2025-04-08,62,False,
1115,People,forecast_model,2025-04-26,40,True,0.61
1056,Finance,budget_reconciliation,2025-01-15,53,False,
1061,Sales,forecast_model,2025-01-07,61,True,0.76
1160,Sales,forecast_model,2025-01-15,66,False,
1153,People,forecast_model,2025-03-22,19,True,0.87
1075,Sales,forecast_model,2025-03-20,61,False,
1062,People,budget_reconciliation,2025-01-24,33,True,0.8
1093,Finance,forecast_model,2025-02-19,68,False,
1012,People,budget_reconciliation,2025-02-17,52,False,
1192,Finance,hiring_pipeline,2025-04-11,38,True,0.73
1188,People,forecast_model,2025-04-09,65,False,
1035,Finance,hiring_pipeline,2025-03-11,68,False,
1165,Finance,budget_reconciliation,2025-03-31,47,False,
1162,Finance,quote_builder,2025-01-09,56,False,
1010,Sales,quote_builder,2025-01-06,35,True,0.94
1081,Sales,budget_reconciliation,2025-04-15,53,False,
1065,Finance,quote_builder,2025-02-06,77,False,
1200,Finance,hiring_pipeline,2025-02-04,44,True,0.9
1112,Sales,budget_reconciliation,2025-04-25,47,False,
1087,Finance,budget_reconciliation,2025-03-30,69,False,
1095,People,hiring_pipeline,2025-04-13,61,True,0.88
1021,Sales,quote_builder,2025-03-11,70,False,
1083,Finance,forecast_model,2025-02-11,44,False,
1079,Sales,budget_reconciliation,2025-01-22,55,False,
1090,Sales,forecast_model,2025-04-04,72,False,
1158,Sales,hiring_pipeline,2025-03-23,32,True,0.63
1164,Sales,hiring_pipeline,2025-03-07,44,True,0.96
1037,People,budget_reconciliation,2025-01-05,47,True,0.63
1200,People,hiring_pipeline,2025-02-16,50,False,
1146,Finance,quote_builder,2025-03-28,59,False,
1095,Sales,budget_reconciliation,2025-04-08,10,True,0.82
1136,Sales,budget_reconciliation,2025-02-10,49,False,
1064,Finance,forecast_model,2025-04-05,37,True,0.79
1100,People,forecast_model,2025-02-03,47,False,
1181,Sales,quote_builder,2025-03-20,76,False,
1178,Sales,quote_builder,2025-01-16,25,True,0.92
1116,Finance,budget_reconciliation,2025-01-12,55,False,
1171,Sales,forecast_model,2025-03-12,61,False,
1077,Finance,quote_builder,2025-04-12,74,False,
1131,Finance,forecast_model,2025-01-26,25,True,0.69
1127,Finance,hiring_pipeline,2025-03-12,71,False,
1120,People,quote_builder,2025-03-20,40,True,0.62
1102,People,budget_reconciliation,2025-03-09,50,False,
1197,Sales,forecast_model,2025-01-17,64,False,
1165,Finance,budget_reconciliation,2025-03-01,61,False,
1033,People,quote_builder,2025-04-09,33,True,0.76
1015,Finance,quote_builder,2025-02-08,40,True,0.66
1182,Finance,hiring_pipeline,2025-05-01,56,False,
1021,Sales,quote_builder,2025-03-23,61,False,
1033,People,hiring_pipeline,2025-03-20,46,True,0.79
1044,People,quote_builder,2025-01-22,75,False,
1145,Finance,forecast_model,2025-01-11,27,True,0.96
1198,People,hiring_pipeline,2025-03-25,61,True,0.89
1107,People,forecast_model,2025-03-05,40,False,
1165,Sales,budget_reconciliation,2025-02-01,58,False,
1077,Sales,forecast_model,2025-03-30,45,True,0.66
1107,Sales,budget_reconciliation,2025-01-27,62,False,
1156,Finance,hiring_pipeline,2025-04-21,53,False,
1188,Sales,budget_reconciliation,2025-01-17,57,False,
1132,People,forecast_model,2025-02-10,35,True,0.78
1069,Sales,quote_builder,2025-01-19,34,True,0.62
1099,People,budget_reconciliation,2025-02-01,48,True,0.91
1148,People,hiring_pipeline,2025-01-25,43,True,0.79
1132,Sales,budget_reconciliation,2025-04-23,53,False,
1128,Finance,forecast_model,2025-05-01,68,False,
1130,Sales,quote_builder,2025-01-28,63,False,
1013,Finance,hiring_pipeline,2025-03-05,68,False,
1074,People,forecast_model,2025-04-19,46,True,0.76
1068,People,hiring_pipeline,2025-04-08,51,False,
1094,Finance,budget_reconciliation,2025-01-07,34,True,0.74
1074,Finance,budget_reconciliation,2025-03-06,67,False,
1196,People,hiring_pipeline,2025-04-16,46,True,0.65
1025,Sales,hiring_pipeline,2025-04-12,59,False,
1143,Sales,quote_builder,2025-01-26,61,False,
1129,Finance,forecast_model,2025-01-05,52,True,0.87
1122,People,budget_reconciliation,2025-01-20,34,True,0.72
1157,Sales,quote_builder,2025-02-20,65,False,
1152,Sales,budget_reconciliation,2025-04-01,57,False,
1122,Finance,hiring_pipeline,2025-02-12,37,True,0.97
1150,Sales,forecast_model,2025-03-18,70,False,
1068,People,quote_builder,2025-04-03,48,True,0.82
1044,People,budget_reconciliation,2025-01-19,48,True,0.61
1180,Finance,quote_builder,2025-01-03,73,False,
1081,Sales,quote_builder,2025-02-22,40,True,0.76
1199,People,budget_reconciliation,2025-04-22,46,True,0.87
1133,Finance,hiring_pipeline,2025-03-26,56,False,
1135,Sales,hiring_pipeline,2025-01-23,63,False,
1137,Sales,hiring_pipeline,2025-03-28,58,False,
1157,Sales,quote_builder,2025-02-01,60,False,
1143,Sales,quote_builder,2025-05-01,65,False,
1198,Sales,quote_builder,2025-03-30,51,False,
1082,Sales,hiring_pipeline,2025-03-13,80,False,
1074,Finance,budget_reconciliation,2025-04-25,49,False,
1089,Finance,hiring_pipeline,2025-01-06,47,False,
1183,Finance,hiring_pipeline,2025-04-29,71,False,
1168,Sales,budget_reconciliation,2025-01-28,47,True,0.91
1070,People,hiring_pipeline,2025-01-18,46,True,0.83
1151,Finance,quote_builder,2025-01-07,46,True,0.84
1014,Finance,budget_reconciliation,2025-02-12,59,False,
1026,People,quote_builder,2025-01-01,31,True,0.75
1122,Sales,quote_builder,2025-04-07,60,False,
1083,Sales,forecast_model,2025-04-27,33,True,0.85
1060,People,forecast_model,2025-04-27,49,True,0.76
1046,Finance,budget_reconciliation,2025-04-11,58,False,
1048,People,hiring_pipeline,2025-04-23,31,True,0.6
1146,People,forecast_model,2025-04-29,56,False,
1073,Sales,budget_reconciliation,2025-04-24,44,True,0.92
1120,Sales,quote_builder,2025-04-14,34,True,0.73
1188,Sales,hiring_pipeline,2025-04-02,31,True,0.61
1087,Sales,quote_builder,2025-01-23,62,False,
1110,People,hiring_pipeline,2025-01-12,62,False,
1172,Finance,quote_builder,2025-01-18,54,False,
1083,Finance,forecast_model,2025-02-03,55,False,
1061,Sales,hiring_pipeline,2025-02-12,62,False,
1150,People,forecast_model,2025-02-03,45,False,
1178,Finance,forecast_model,2025-03-27,25,True,0.78
1041,Sales,hiring_pipeline,2025-03-30,32,True,0.84
1076,Sales,quote_builder,2025-01-29,37,True,0.78
1117,People,hiring_pipeline,2025-02-23,63,False,
1194,People,quote_builder,2025-04-08,54,True,0.86
1153,Finance,budget_reconciliation,2025-03-09,68,False,
1020,People,forecast_model,2025-01-08,38,True,0.82
1039,Finance,hiring_pipeline,2025-04-20,59,False,
1030,People,quote_builder,2025-04-02,49,False,
1024,People,budget_reconciliation,2025-04-14,39,True,0.77
1132,Sales,budget_reconciliation,2025-03-14,37,True,0.81
1173,Sales,forecast_model,2025-02-20,63,False,
1001,People,quote_builder,2025-03-16,31,True,0.62
1089,People,forecast_model,2025-03-11,45,True,0.96
1018,Sales,forecast_model,2025-02-06,75,False,
1047,Finance,budget_reconciliation,2025-02-17,58,False,
1115,Sales,budget_reconciliation,2025-01-11,44,True,0.85
1090,Finance,quote_builder,2025-03-10,66,False,
1136,Finance,quote_builder,2025-04-17,35,True,0.89
1077,Sales,budget_reconciliation,2025-03-10,62,False,
1059,Finance,budget_reconciliation,2025-02-14,40,True,0.7
1186,Finance,forecast_model,2025-04-14,60,False,
1158,Finance,quote_builder,2025-01-27,32,True,0.64
1009,Sales,forecast_model,2025-02-01,40,True,0.75
1060,People,quote_builder,2025-04-07,44,True,0.65
1075,Finance,hiring_pipeline,2025-03-15,74,False,
1061,Sales,quote_builder,2025-03-26,49,True,0.76
1071,Finance,quote_builder,2025-03-22,81,False,
1143,Sales,forecast_model,2025-02-14,52,False,
1135,Sales,budget_reconciliation,2025-02-22,48,True,0.71
1048,People,budget_reconciliation,2025-01-31,41,True,0.71
1182,Finance,budget_reconciliation,2025-04-28,61,True,0.81
1107,People,quote_builder,2025-02-19,31,True,0.7
1085,People,forecast_model,2025-04-29,51,False,
1095,Finance,quote_builder,2025-01-07,54,False,
1097,People,forecast_model,2025-04-22,18,True,0.67
1195,People,quote_builder,2025-03-03,34,True,0.93
1086,Sales,forecast_model,2025-01-28,32,True,0.97
1031,People,budget_reconciliation,2025-04-28,41,True,0.86
1181,Finance,budget_reconciliation,2025-04-28,43,True,0.81
1199,Sales,budget_reconciliation,2025-03-01,78,False,
1079,Sales,hiring_pipeline,2025-03-07,69,False,
1120,Finance,budget_reconciliation,2025-04-08,54,False,
1053,Sales,hiring_pipeline,2025-02-22,31,True,0.81
1057,People,quote_builder,2025-01-03,64,False,
1142,People,budget_reconciliation,2025-02-07,26,True,0.67
1059,Sales,quote_builder,2025-03-05,78,False,
1066,Sales,budget_reconciliation,2025-02-28,51,True,0.88
1091,Finance,quote_builder,2025-04-03,55,False,
1048,People,forecast_model,2025-03-09,22,True,0.92
1020,People,forecast_model,2025-04-08,53,True,0.76
1162,Finance,forecast_model,2025-04-01,38,True,0.6
1130,Sales,hiring_pipeline,2025-01-08,72,False,
1169,Sales,forecast_model,2025-01-01,44,False,
1004,Finance,hiring_pipeline,2025-03-10,54,False,
1005,People,budget_reconciliation,2025-04-14,40,True,0.64
1025,People,quote_builder,2025-01-31,40,True,0.84
1065,Sales,hiring_pipeline,2025-04-12,55,False,
1021,Sales,budget_reconciliation,2025-02-28,46,True,0.98
1058,Sales,forecast_model,2025-03-25,29,True,0.64
1098,Sales,budget_reconciliation,2025-01-08,38,True,0.87
1022,Sales,budget_reconciliation,2025-03-24,61,False,
1145,Finance,forecast_model,2025-01-30,45,True,0.94
1178,People,budget_reconciliation,2025-02-04,47,True,0.95
1176,Sales,forecast_model,2025-01-23,48,False,
1005,Finance,quote_builder,2025-04-07,44,False,
1020,Sales,quote_builder,2025-03-14,52,True,0.82
1100,People,hiring_pipeline,2025-02-19,43,True,0.9
1177,People,forecast_model,2025-03-06,52,False,
1014,Finance,budget_reconciliation,2025-01-30,55,True,0.73
1197,People,budget_reconciliation,2025-04-10,61,False,
1008,People,hiring_pipeline,2025-04-11,71,False,
1126,Finance,hiring_pipeline,2025-03-12,60,False,
1111,Finance,budget_reconciliation,2025-01-11,80,False,
1064,People,forecast_model,2025-01-11,77,False,
1040,Sales,quote_builder,2025-04-05,57,False,
1082,Sales,forecast_model,2025-01-12,49,True,0.96
1114,Sales,hiring_pipeline,2025-01-14,46,True,0.63
1111,Sales,budget_reconciliation,2025-01-14,53,True,0.63
1142,Finance,hiring_pipeline,2025-04-21,50,False,
1004,Sales,budget_reconciliation,2025-02-19,46,True,0.88
1144,Finance,quote_builder,2025-03-29,70,False,
1044,Finance,hiring_pipeline,2025-02-08,42,False,
1127,Finance,forecast_model,2025-01-22,48,False,
1071,Sales,hiring_pipeline,2025-03-03,19,True,0.74
1064,People,budget_reconciliation,2025-03-18,37,True,0.77
1035,Sales,forecast_model,2025-02-20,67,False,
1159,Sales,hiring_pipeline,2025-02-26,75,False,
1111,People,quote_builder,2025-02-08,60,False,
1155,People,quote_builder,2025-03-03,76,False,
1046,Sales,hiring_pipeline,2025-02-07,46,False,
1148,Finance,hiring_pipeline,2025-02-18,42,False,
1101,Sales,forecast_model,2025-04-30,39,True,0.83
1140,Finance,forecast_model,2025-04-04,63,False,
1182,Finance,budget_reconciliation,2025-04-13,59,False,
1178,Finance,budget_reconciliation,2025-03-28,39,False,
1036,People,hiring_pipeline,2025-01-31,59,False,
1169,Finance,budget_reconciliation,2025-04-12,46,False,
1019,Sales,budget_reconciliation,2025-03-16,66,False,
1137,People,budget_reconciliation,2025-03-11,43,True,0.9
1093,People,forecast_model,2025-01-14,30,True,0.85
1091,Finance,forecast_model,2025-03-14,54,False,
1193,Sales,budget_reconciliation,2025-01-14,29,True,0.64
1057,People,quote_builder,2025-02-27,59,False,
1101,Sales,quote_builder,2025-02-14,49,True,0.78
1076,Sales,forecast_model,2025-01-15,30,True,0.73
1088,Sales,quote_builder,2025-03-08,65,False,
1090,Sales,forecast_model,2025-02-26,54,False,
1082,Finance,hiring_pipeline,2025-01-06,32,True,0.61
1088,People,forecast_model,2025-03-28,38,True,0.95
1190,Finance,quote_builder,2025-03-12,29,True,0.73
1110,Sales,quote_builder,2025-04-13,54,False,
1162,Finance,quote_builder,2025-03-23,48,False,
1102,Finance,quote_builder,2025-02-27,79,False,
1100,Finance,quote_builder,2025-01-27,60,False,
1193,People,forecast_model,2025-03-15,33,True,0.9
1138,Finance,hiring_pipeline,2025-02-11,42,True,0.77
1068,People,budget_reconciliation,2025-03-09,58,False,
1153,Sales,budget_reconciliation,2025-03-17,37,True,0.73
1118,People,quote_builder,2025-04-15,66,False,
1158,People,forecast_model,2025-03-28,47,True,0.72
1062,Sales,forecast_model,2025-01-24,54,False,
1178,Finance,budget_reconciliation,2025-02-23,34,True,0.82
1109,Finance,budget_reconciliation,2025-03-23,37,True,0.81
1126,Sales,quote_builder,2025-01-24,36,False,
1116,People,forecast_model,2025-04-21,44,False,
1003,Sales,quote_builder,2025-01-25,73,False,
1144,People,budget_reconciliation,2025-02-22,76,False,
1107,People,budget_reconciliation,2025-03-04,37,True,0.63
1008,Finance,hiring_pipeline,2025-01-05,65,False,
1058,People,hiring_pipeline,2025-01-22,63,False,
1145,People,budget_reconciliation,2025-03-12,70,True,0.82
1069,People,hiring_pipeline,2025-03-11,51,True,0.89
1113,People,quote_builder,2025-02-24,38,True,0.88
1168,Finance,hiring_pipeline,2025-04-22,30,True,0.77
1090,Finance,budget_reconciliation,2025-04-21,23,True,0.89
1061,Finance,hiring_pipeline,2025-04-21,62,False,
1043,People,quote_builder,2025-04-11,32,True,0.91
1016,People,hiring_pipeline,2025-03-10,45,False,
1153,People,quote_builder,2025-02-11,53,False,
1075,People,hiring_pipeline,2025-04-20,29,True,0.65
1193,Sales,forecast_model,2025-02-05,56,True,0.87
1034,Finance,quote_builder,2025-04-02,68,False,
1064,People,budget_reconciliation,2025-03-04,39,True,0.82
1069,People,budget_reconciliation,2025-02-18,74,False,
1020,People,forecast_model,2025-02-21,60,False,
1178,Sales,budget_reconciliation,2025-03-04,51,False,
1149,Finance,forecast_model,2025-04-04,75,False,
1163,People,hiring_pipeline,2025-04-19,45,True,0.9
1102,Finance,budget_reconciliation,2025-04-16,29,True,0.79
1083,Sales,hiring_pipeline,2025-03-12,38,True,0.82
1125,Sales,forecast_model,2025-01-06,31,True,0.84
1118,Finance,forecast_model,2025-04-29,26,True,0.77
1001,Sales,quote_builder,2025-03-30,49,True,0.94
1078,Finance,hiring_pipeline,2025-01-12,79,False,
1065,Finance,hiring_pipeline,2025-03-27,26,True,0.62
1161,Sales,quote_builder,2025-02-24,45,True,0.87
1001,Finance,budget_reconciliation,2025-01-10,33,True,0.83
1133,People,budget_reconciliation,2025-01-02,35,True,0.86
1031,Sales,quote_builder,2025-03-03,34,True,0.69
1023,People,forecast_model,2025-01-14,51,False,
1095,Sales,quote_builder,2025-02-18,40,True,0.84
1174,Finance,forecast_model,2025-03-09,31,True,0.83
1043,Sales,hiring_pipeline,2025-04-03,42,True,0.84
1039,Sales,budget_reconciliation,2025-04-21,39,True,0.63
1026,Finance,forecast_model,2025-03-17,57,False,
1090,Sales,hiring_pipeline,2025-04-12,30,True,0.69
1166,Finance,quote_builder,2025-03-12,54,False,
1200,People,forecast_model,2025-04-19,67,False,
1053,People,quote_builder,2025-04-06,65,False,
1076,People,forecast_model,2025-04-11,30,True,0.79
1029,Finance,budget_reconciliation,2025-03-23,40,True,0.8
1004,Sales,hiring_pipeline,2025-01-17,67,False,
1146,Sales,hiring_pipeline,2025-03-11,23,True,0.89
1198,Finance,forecast_model,2025-03-17,45,True,0.61
1056,Finance,forecast_model,2025-04-12,53,False,
1130,Sales,budget_reconciliation,2025-02-24,65,False,
1022,People,quote_builder,2025-02-05,32,True,0.72
1131,Finance,quote_builder,2025-03-10,41,False,
1101,People,forecast_model,2025-02-09,43,False,
1187,Finance,forecast_model,2025-02-01,40,True,0.95
1030,Sales,forecast_model,2025-02-09,42,True,0.65
1182,Finance,forecast_model,2025-01-21,50,False,
1089,People,hiring_pipeline,2025-01-22,66,False,
1033,People,hiring_pipeline,2025-04-04,23,True,0.89
1008,Sales,budget_reconciliation,2025-02-04,39,True,0.7
1148,People,forecast_model,2025-03-05,47,False,
1131,Sales,forecast_model,2025-03-05,33,True,0.74
1066,Finance,forecast_model,2025-01-30,40,True,0.62
1004,Finance,forecast_model,2025-03-02,51,False,
1099,Finance,quote_builder,2025-04-30,36,True,0.81
1183,People,budget_reconciliation,2025-01-29,70,False,
1064,Sales,hiring_pipeline,2025-02-04,34,True,0.82
1031,People,forecast_model,2025-01-23,48,True,0.91
1012,Sales,forecast_model,2025-04-23,48,False,
1073,Sales,hiring_pipeline,2025-01-12,65,False,
1003,Sales,quote_builder,2025-02-07,74,False,
1190,People,quote_builder,2025-03-01,35,False,
1152,Sales,quote_builder,2025-04-04,32,True,0.66
1105,Finance,quote_builder,2025-03-11,65,False,
1163,People,forecast_model,2025-02-12,37,True,0.89
1097,People,hiring_pipeline,2025-01-14,43,True,0.8
1061,Sales,budget_reconciliation,2025-01-08,33,True,0.87
1024,Finance,quote_builder,2025-04-25,60,False,
1180,Sales,budget_reconciliation,2025-04-06,38,True,0.82
1130,Finance,budget_reconciliation,2025-01-10,51,True,0.77
1034,Finance,hiring_pipeline,2025-02-03,62,False,
1101,People,hiring_pipeline,2025-02-10,63,False,
1070,Finance,forecast_model,2025-05-01,35,True,0.65
1198,People,forecast_model,2025-01-20,35,True,0.66
1120,Sales,budget_reconciliation,2025-01-16,55,False,
1198,Finance,budget_reconciliation,2025-02-09,63,False,
1068,Finance,forecast_model,2025-01-21,55,False,
1181,People,forecast_model,2025-01-28,62,False,
1038,Finance,quote_builder,2025-02-15,80,False,
1132,Finance,hiring_pipeline,2025-02-03,48,True,0.61
1104,Sales,quote_builder,2025-01-13,56,False,
1027,Finance,forecast_model,2025-01-02,52,True,0.92
1057,Finance,quote_builder,2025-04-16,55,False,
1096,People,forecast_model,2025-03-16,39,False,
1020,Finance,forecast_model,2025-01-26,49,False,
1033,Finance,hiring_pipeline,2025-01-16,21,True,0.96
1013,Finance,budget_reconciliation,2025-04-16,56,False,
1128,Finance,budget_reconciliation,2025-03-29,60,False,
1045,Sales,quote_builder,2025-04-27,56,True,0.7
1115,Finance,forecast_model,2025-03-20,43,True,0.85
1128,Sales,budget_reconciliation,2025-01-08,37,True,0.71
1036,Sales,quote_builder,2025-03-24,48,True,0.84
1140,Finance,budget_reconciliation,2025-04-11,37,False,
1123,People,budget_reconciliation,2025-02-14,62,False,
1100,Sales,quote_builder,2025-01-04,67,False,
1153,Finance,forecast_model,2025-04-25,45,False,
1015,Sales,hiring_pipeline,2025-04-09,51,True,0.97
1026,Finance,quote_builder,2025-02-04,43,True,0.89
1057,People,budget_reconciliation,2025-02-15,35,True,0.67
1152,Sales,hiring_pipeline,2025-04-27,46,True,0.87
1091,People,quote_builder,2025-03-14,62,True,0.92
1127,People,hiring_pipeline,2025-01-23,61,False,
1010,Finance,forecast_model,2025-01-30,42,True,0.61
1123,Finance,hiring_pipeline,2025-04-28,35,True,0.91
1088,People,quote_builder,2025-04-28,51,False,
1016,Finance,quote_builder,2025-03-17,48,True,0.89
1135,Sales,forecast_model,2025-02-17,51,False,
1151,Finance,hiring_pipeline,2025-02-08,60,False,
1035,Finance,budget_reconciliation,2025-04-12,55,False,
1167,Sales,quote_builder,2025-04-01,64,False,
1058,People,quote_builder,2025-02-18,63,False,
1188,People,hiring_pipeline,2025-01-17,50,True,0.88
1180,People,budget_reconciliation,2025-04-19,34,True,0.67
1082,People,quote_builder,2025-03-23,37,True,0.96
1037,Sales,forecast_model,2025-01-31,50,False,
1082,Finance,forecast_model,2025-04-16,55,False,
1115,Finance,hiring_pipeline,2025-01-27,43,True,0.86
1090,Sales,forecast_model,2025-04-03,47,True,0.62
1113,People,budget_reconciliation,2025-01-22,50,False,
1127,Sales,hiring_pipeline,2025-03-11,68,False,
1026,Sales,quote_builder,2025-01-21,73,False,
1019,Finance,hiring_pipeline,2025-01-03,64,False,
1067,Finance,forecast_model,2025-02-13,58,True,0.94
1042,People,forecast_model,2025-03-12,32,True,0.73
1158,Sales,forecast_model,2025-02-25,27,True,0.83
1112,Finance,forecast_model,2025-01-13,42,False,
1053,Finance,budget_reconciliation,2025-03-31,74,False,
1170,Sales,hiring_pipeline,2025-01-31,46,True,0.62
1147,People,budget_reconciliation,2025-01-20,39,True,0.74
1110,Finance,hiring_pipeline,2025-04-16,62,False,
1052,Finance,forecast_model,2025-01-27,28,True,0.84
1021,Sales,forecast_model,2025-02-09,84,False,
1121,Sales,hiring_pipeline,2025-01-12,61,False,
1048,Sales,budget_reconciliation,2025-02-17,41,True,0.77
1068,Sales,budget_reconciliation,2025-02-03,47,True,0.92
1145,Finance,quote_builder,2025-04-07,44,True,0.63
1089,People,budget_reconciliation,2025-04-07,42,True,0.81
1100,People,budget_reconciliation,2025-03-10,52,False,
1147,Finance,budget_reconciliation,2025-02-08,44,True,0.75
1183,Finance,quote_builder,2025-01-16,78,False,
1045,Finance,quote_builder,2025-04-14,53,True,0.65
1109,Finance,budget_reconciliation,2025-01-26,55,True,0.92
1067,Sales,forecast_model,2025-01-12,54,False,
1143,Sales,hiring_pipeline,2025-04-20,50,False,
1134,Sales,forecast_model,2025-04-11,58,False,
1029,Sales,quote_builder,2025-01-19,40,True,0.95
1145,Finance,hiring_pipeline,2025-04-22,70,False,
1106,Sales,budget_reconciliation,2025-03-25,43,False,
1147,People,budget_reconciliation,2025-01-05,55,True,0.7
1037,People,budget_reconciliation,2025-01-05,58,False,
1085,People,quote_builder,2025-01-07,55,False,
1069,Sales,forecast_model,2025-02-13,49,False,
1080,Sales,budget_reconciliation,2025-04-20,23,True,0.97
1059,Finance,hiring_pipeline,2025-04-06,68,False,
1199,Sales,hiring_pipeline,2025-04-04,60,False,
1155,People,forecast_model,2025-01-25,47,False,
1055,Sales,budget_reconciliation,2025-04-08,47,False,
1015,People,quote_builder,2025-01-09,56,False,
1182,People,budget_reconciliation,2025-01-18,56,True,0.67
1052,Finance,quote_builder,2025-01-05,57,False,
1013,Sales,quote_builder,2025-02-05,44,False,
1119,People,budget_reconciliation,2025-03-23,37,True,0.86
1062,Sales,budget_reconciliation,2025-03-18,57,False,
1046,Sales,hiring_pipeline,2025-02-14,13,True,0.92
1067,People,forecast_model,2025-02-06,39,True,0.75
1042,People,quote_builder,2025-04-20,37,True,0.85
1174,Finance,hiring_pipeline,2025-03-25,66,False,
1132,Finance,forecast_model,2025-03-02,58,True,0.85
1154,Finance,quote_builder,2025-02-02,71,False,
1183,People,hiring_pipeline,2025-02-24,57,False,
1090,Sales,hiring_pipeline,2025-01-28,48,False,
1078,People,budget_reconciliation,2025-03-16,65,True,0.6
1170,Sales,hiring_pipeline,2025-02-08,40,True,0.78
1087,Sales,hiring_pipeline,2025-04-21,60,False,
1067,People,hiring_pipeline,2025-01-25,39,True,0.8
1062,Finance,budget_reconciliation,2025-03-26,61,False,
1175,Finance,forecast_model,2025-03-25,58,False,
1076,Sales,budget_reconciliation,2025-02-21,54,False,
1189,Finance,quote_builder,2025-02-13,34,True,0.86
1164,Sales,hiring_pipeline,2025-03-06,59,False,
1044,People,quote_builder,2025-02-07,34,True,0.78
1190,Sales,quote_builder,2025-03-29,52,False,
1168,Finance,quote_builder,2025-02-15,41,True,0.88
1079,Sales,hiring_pipeline,2025-02-17,57,False,
1150,Sales,budget_reconciliation,2025-04-19,55,True,0.78
1163,People,forecast_model,2025-03-02,13,True,0.79
1175,Sales,hiring_pipeline,2025-02-22,50,True,0.93
1039,Finance,quote_builder,2025-02-13,72,False,
1146,Sales,quote_builder,2025-02-10,19,True,0.9
1125,Sales,quote_builder,2025-02-10,36,True,0.6
1071,Finance,quote_builder,2025-03-15,36,True,0.79
1196,Finance,quote_builder,2025-03-20,45,False,
1163,Sales,budget_reconciliation,2025-02-24,52,False,
1099,Finance,forecast_model,2025-03-10,28,True,0.88
1004,Sales,quote_builder,2025-01-03,57,True,0.84
1064,Finance,hiring_pipeline,2025-02-09,49,True,0.64
1129,People,hiring_pipeline,2025-01-22,52,True,0.91
1077,Sales,budget_reconciliation,2025-04-04,67,False,
1112,People,quote_builder,2025-02-13,48,False,
1092,Finance,quote_builder,2025-04-27,54,False,
1005,Finance,quote_builder,2025-04-04,44,True,0.68
1006,People,quote_builder,2025-01-16,47,False,
1183,People,forecast_model,2025-02-18,67,False,
1198,People,forecast_model,2025-03-18,37,True,0.85
1168,Finance,forecast_model,2025-03-30,36,True,0.76
1098,Finance,hiring_pipeline,2025-03-02,47,True,0.68
1176,People,forecast_model,2025-02-08,64,False,
1170,Finance,hiring_pipeline,2025-03-21,36,True,0.76
1027,People,forecast_model,2025-02-06,51,True,0.9
1128,Finance,quote_builder,2025-04-10,49,False,
1134,Finance,hiring_pipeline,2025-04-01,66,False,
1076,Finance,forecast_model,2025-03-12,65,False,
1054,People,budget_reconciliation,2025-02-12,36,True,0.6
1172,Finance,forecast_model,2025-04-17,63,False,
1039,Finance,forecast_model,2025-04-03,27,True,0.94
1165,Finance,budget_reconciliation,2025-02-07,69,False,
1119,Finance,forecast_model,2025-04-15,38,True,0.93
1075,Sales,hiring_pipeline,2025-02-24,34,True,0.64
1195,Finance,forecast_model,2025-04-20,50,True,0.85
1044,Sales,hiring_pipeline,2025-04-25,52,False,
1160,Sales,forecast_model,2025-02-17,45,False,
1047,Finance,budget_reconciliation,2025-02-21,44,False,
1070,Sales,budget_reconciliation,2025-04-13,66,False,
1167,Finance,forecast_model,2025-01-17,27,True,0.97
1041,Finance,budget_reconciliation,2025-04-27,77,False,
1146,People,budget_reconciliation,2025-01-24,39,False,
1200,Sales,forecast_model,2025-04-21,56,True,0.78
1125,Finance,budget_reconciliation,2025-02-26,42,True,0.62
1168,Sales,forecast_model,2025-04-01,39,True,0.97
1172,Sales,forecast_model,2025-02-25,34,True,0.78
1170,People,budget_reconciliation,2025-01-20,43,True,0.6
1041,People,budget_reconciliation,2025-04-20,59,False,
1043,Finance,budget_reconciliation,2025-02-11,51,True,0.73
1072,Finance,quote_builder,2025-03-12,61,False,
1104,Finance,forecast_model,2025-02-28,61,False,
1147,Sales,forecast_model,2025-04-20,56,False,
1115,Sales,forecast_model,2025-03-05,39,True,0.64
1106,Finance,forecast_model,2025-04-16,43,True,0.9
1159,People,hiring_pipeline,2025-04-24,22,True,0.85
1117,Sales,hiring_pipeline,2025-04-16,26,True,0.91
1117,Sales,budget_reconciliation,2025-04-02,67,False,
1184,Sales,forecast_model,2025-01-13,41,True,0.6
1091,People,hiring_pipeline,2025-03-12,58,False,
1180,Finance,forecast_model,2025-04-25,40,True,0.79
1184,People,budget_reconciliation,2025-01-14,63,False,
1157,Finance,quote_builder,2025-01-16,54,False,
1056,Sales,quote_builder,2025-04-02,52,False,
1028,Sales,forecast_model,2025-04-29,41,True,0.89
1116,Sales,quote_builder,2025-03-05,30,True,0.8
1013,People,budget_reconciliation,2025-04-18,64,False,
1131,Finance,quote_builder,2025-04-04,22,True,0.64
1169,People,hiring_pipeline,2025-03-06,70,False,
1108,People,quote_builder,2025-02-05,64,False,
1088,Sales,budget_reconciliation,2025-04-14,42,True,0.65
1155,People,hiring_pipeline,2025-04-18,69,False,
1183,People,quote_builder,2025-01-26,56,True,0.84
1075,People,hiring_pipeline,2025-04-28,50,True,0.97
1167,Finance,hiring_pipeline,2025-04-01,21,True,0.89
1144,Sales,budget_reconciliation,2025-03-28,47,False,
1109,Finance,forecast_model,2025-01-04,53,False,
1038,Finance,forecast_model,2025-01-26,60,False,
1193,Finance,hiring_pipeline,2025-03-29,65,False,
1038,Finance,hiring_pipeline,2025-01-27,32,True,0.74
1116,Finance,quote_builder,2025-04-06,61,False,
1061,People,hiring_pipeline,2025-03-30,32,True,0.95
1100,Sales,hiring_pipeline,2025-03-12,33,True,0.6
1065,Finance,budget_reconciliation,2025-04-17,25,True,0.95
1181,People,hiring_pipeline,2025-04-07,30,True,0.89
1050,Sales,budget_reconciliation,2025-01-23,26,True,0.67
1045,People,forecast_model,2025-02-18,30,True,0.76
1143,Sales,quote_builder,2025-01-21,70,False,
1002,Sales,budget_reconciliation,2025-04-01,30,True,0.62
1083,People,forecast_model,2025-04-10,86,False,
1126,People,hiring_pipeline,2025-01-10,64,False,
1135,Finance,quote_builder,2025-03-08,41,True,0.9
1041,Sales,budget_reconciliation,2025-01-12,51,False,
1057,Finance,hiring_pipeline,2025-02-12,67,False,
1076,Finance,budget_reconciliation,2025-03-13,34,True,0.64
1089,Sales,quote_builder,2025-04-26,41,True,0.96
1175,Sales,budget_reconciliation,2025-04-28,65,True,0.75
1139,People,hiring_pipeline,2025-01-04,59,False,
1132,People,budget_reconciliation,2025-03-04,51,True,0.71
1167,Finance,hiring_pipeline,2025-03-07,32,True,0.96
1043,People,forecast_model,2025-03-22,39,True,0.68
1162,Finance,budget_reconciliation,2025-04-17,57,True,0.68
1180,People,budget_reconciliation,2025-03-24,33,True,0.88
1040,Finance,budget_reconciliation,2025-04-02,78,False,
1010,Finance,forecast_model,2025-01-07,47,True,0.9
1143,Finance,quote_builder,2025-04-27,54,False,
1105,Sales,budget_reconciliation,2025-03-22,66,False,
1111,Sales,forecast_model,2025-02-19,49,True,0.8
1165,People,forecast_model,2025-04-07,46,True,0.87
1019,Sales,forecast_model,2025-02-07,44,False,
1156,Finance,hiring_pipeline,2025-04-08,52,False,
1098,Sales,forecast_model,2025-03-02,37,True,0.8
1035,People,budget_reconciliation,2025-04-12,59,False,
1163,Finance,hiring_pipeline,2025-03-28,66,False,
1003,People,quote_builder,2025-01-16,41,True,0.6
1153,Sales,forecast_model,2025-02-09,26,True,0.88
1186,Sales,quote_builder,2025-02-22,43,True,0.66
1057,People,hiring_pipeline,2025-01-25,46,True,0.67
1146,Finance,budget_reconciliation,2025-03-24,45,True,0.71
1018,Sales,forecast_model,2025-01-26,70,False,
1085,Sales,quote_builder,2025-03-27,48,True,0.64
1159,Finance,quote_builder,2025-02-10,64,False,
1116,Sales,hiring_pipeline,2025-03-30,39,True,0.81
1094,Sales,budget_reconciliation,2025-01-22,23,True,0.72
1057,People,budget_reconciliation,2025-02-05,64,False,
1035,People,hiring_pipeline,2025-04-23,62,False,
1119,Sales,hiring_pipeline,2025-04-10,62,False,
1125,People,forecast_model,2025-01-23,27,True,0.92
1036,People,quote_builder,2025-02-03,29,True,0.88
1005,People,forecast_model,2025-04-15,70,False,
1197,People,quote_builder,2025-04-27,39,True,0.81
1140,People,budget_reconciliation,2025-03-25,46,True,0.74
1058,People,hiring_pipeline,2025-01-18,60,False,
1129,People,forecast_model,2025-02-20,60,False,
1129,Finance,quote_builder,2025-04-19,49,True,0.89
1036,Sales,quote_builder,2025-01-23,34,True,0.88
1124,Sales,forecast_model,2025-01-29,60,False,
1060,Finance,hiring_pipeline,2025-02-17,35,True,0.62
1053,People,hiring_pipeline,2025-02-19,55,False,
1117,Finance,forecast_model,2025-03-25,56,False,
1027,People,hiring_pipeline,2025-04-17,62,False,
1149,People,quote_builder,2025-02-18,55,False,
1094,People,forecast_model,2025-03-08,72,False,
1097,Finance,budget_reconciliation,2025-02-15,51,False,
1125,Sales,forecast_model,2025-03-06,38,True,0.77
1059,Finance,hiring_pipeline,2025-01-28,35,True,0.67
1093,People,forecast_model,2025-03-26,54,True,0.76
1085,People,forecast_model,2025-03-03,61,False,
1123,Finance,quote_builder,2025-03-24,70,False,
1006,Finance,forecast_model,2025-01-17,25,True,0.65
1132,Finance,quote_builder,2025-01-08,42,True,0.7
1047,People,budget_reconciliation,2025-03-18,48,True,0.93
1187,People,hiring_pipeline,2025-01-11,40,True,0.77
1121,Sales,quote_builder,2025-01-29,70,False,
1154,Finance,quote_builder,2025-03-21,54,False,
1043,People,hiring_pipeline,2025-04-29,74,False,
1153,People,forecast_model,2025-01-30,82,False,
1099,Finance,forecast_model,2025-01-03,36,True,0.8
1130,People,budget_reconciliation,2025-04-16,35,True,0.83
1046,Sales,forecast_model,2025-04-23,54,True,0.64
1169,Finance,forecast_model,2025-04-25,75,False,
1134,Sales,hiring_pipeline,2025-04-22,34,True,0.87
1110,Finance,budget_reconciliation,2025-04-12,55,False,
1090,People,forecast_model,2025-02-24,37,True,0.7
1197,Finance,forecast_model,2025-02-06,46,False,
1066,Finance,forecast_model,2025-04-01,30,True,0.82
1031,People,forecast_model,2025-02-18,29,True,0.86
1081,Sales,hiring_pipeline,2025-01-14,32,True,0.76
1150,Sales,hiring_pipeline,2025-04-20,59,False,
1145,Sales,hiring_pipeline,2025-03-29,62,False,
1194,Finance,budget_reconciliation,2025-03-12,75,False,
1046,Sales,budget_reconciliation,2025-02-02,50,False,
1148,Sales,budget_reconciliation,2025-04-05,49,True,0.92
1169,Finance,quote_builder,2025-02-27,37,True,0.64
1131,Sales,hiring_pipeline,2025-04-13,39,True,0.66
1163,Finance,forecast_model,2025-04-16,46,True,0.78
1154,Sales,forecast_model,2025-01-09,48,False,
1057,Sales,forecast_model,2025-03-19,43,True,0.88
1103,People,hiring_pipeline,2025-04-02,41,True,0.96
1045,People,budget_reconciliation,2025-02-26,44,True,0.68
1169,People,hiring_pipeline,2025-01-25,42,True,0.9
1131,People,quote_builder,2025-03-20,64,True,0.86
1093,Finance,forecast_model,2025-01-21,33,True,0.98
1200,Sales,hiring_pipeline,2025-03-27,54,False,
1104,People,quote_builder,2025-03-08,33,True,0.88
1018,Finance,hiring_pipeline,2025-04-03,54,False,
1089,Sales,quote_builder,2025-03-19,33,True,0.77
1104,People,forecast_model,2025-02-03,51,True,0.75
1028,People,forecast_model,2025-03-06,74,False,
1088,Finance,hiring_pipeline,2025-04-23,54,False,
1178,Sales,budget_reconciliation,2025-03-14,51,False,
1198,Finance,hiring_pipeline,2025-04-10,64,False,
1175,Sales,forecast_model,2025-03-03,34,True,0.7
1098,People,quote_builder,2025-03-28,46,True,0.9
1106,Sales,forecast_model,2025-03-31,62,False,
1064,Sales,forecast_model,2025-02-21,44,False,
1020,People,quote_builder,2025-03-02,75,False,
1091,Finance,hiring_pipeline,2025-01-24,57,True,0.79
1052,Finance,quote_builder,2025-04-22,53,False,
1053,Finance,quote_builder,2025-04-17,36,True,0.92
1092,Finance,forecast_model,2025-01-16,42,True,0.86
1170,Sales,forecast_model,2025-04-08,43,True,0.92
1096,People,hiring_pipeline,2025-03-05,66,False,
1126,Finance,hiring_pipeline,2025-02-20,60,True,0.89
1033,Finance,budget_reconciliation,2025-03-03,38,True,0.79
1101,People,quote_builder,2025-02-28,32,True,0.87
1118,Sales,forecast_model,2025-01-02,26,True,0.74
1026,Sales,hiring_pipeline,2025-03-20,52,False,
1048,People,hiring_pipeline,2025-01-31,59,False,
1121,People,hiring_pipeline,2025-02-16,57,True,0.79
1054,Sales,hiring_pipeline,2025-02-16,54,False,
1072,Sales,quote_builder,2025-03-15,42,True,0.97
1176,Finance,forecast_model,2025-04-03,59,False,
1061,People,budget_reconciliation,2025-04-20,71,False,
1051,Finance,quote_builder,2025-03-02,65,True,0.67
1128,Finance,hiring_pipeline,2025-04-11,54,False,
1077,Sales,forecast_model,2025-02-20,35,True,0.86
1016,Finance,hiring_pipeline,2025-03-02,50,True,0.77
1086,Sales,hiring_pipeline,2025-02-16,66,False,
1089,Finance,budget_reconciliation,2025-01-16,78,False,
1174,People,quote_builder,2025-03-15,45,True,0.97
1073,Sales,hiring_pipeline,2025-03-28,56,False,
1199,People,budget_reconciliation,2025-04-24,45,True,0.74
1074,Sales,quote_builder,2025-04-22,51,True,0.84
1087,Sales,budget_reconciliation,2025-04-19,48,True,0.63
1088,Finance,hiring_pipeline,2025-02-10,65,False,
1182,Sales,budget_reconciliation,2025-02-04,70,False,
1200,Sales,budget_reconciliation,2025-02-22,51,True,0.67
1006,Finance,quote_builder,2025-03-26,73,False,
1191,People,forecast_model,2025-01-27,46,True,0.75
1025,Finance,budget_reconciliation,2025-03-12,38,True,0.61
1102,People,forecast_model,2025-01-14,61,False,
1159,Finance,forecast_model,2025-03-25,72,False,
1080,Finance,quote_builder,2025-04-05,51,False,
1114,People,quote_builder,2025-01-17,43,True,0.61
1170,Sales,hiring_pipeline,2025-04-21,56,False,
1120,People,hiring_pipeline,2025-03-12,60,False,
1035,People,quote_builder,2025-03-17,72,False,
1162,People,budget_reconciliation,2025-03-09,61,False,
1089,Sales,quote_builder,2025-04-14,40,True,0.77
1094,Sales,hiring_pipeline,2025-01-20,46,False,
1003,Finance,quote_builder,2025-02-14,67,False,
1121,People,forecast_model,2025-03-30,66,False,
1194,Sales,hiring_pipeline,2025-01-02,81,False,
1075,People,quote_builder,2025-04-12,36,True,0.81
1049,Sales,budget_reconciliation,2025-02-20,42,True,0.66
1189,People,budget_reconciliation,2025-04-17,62,False,
1057,Sales,forecast_model,2025-02-24,55,True,0.8
1157,People,hiring_pipeline,2025-02-06,59,False,
1106,Finance,forecast_model,2025-01-24,42,True,0.71
1164,Sales,budget_reconciliation,2025-02-04,66,False,
1049,Sales,forecast_model,2025-01-20,41,True,0.97
1006,Finance,forecast_model,2025-02-06,55,False,
1033,People,budget_reconciliation,2025-04-04,41,True,0.69
1039,Finance,budget_reconciliation,2025-01-28,70,False,
1108,Sales,budget_reconciliation,2025-02-17,49,False,
1179,Finance,hiring_pipeline,2025-01-11,41,True,0.62
1199,Sales,forecast_model,2025-03-11,52,False,
1047,Finance,hiring_pipeline,2025-04-15,71,False,
1004,Finance,quote_builder,2025-02-19,44,False,
1064,People,forecast_model,2025-01-26,54,False,
1189,Finance,quote_builder,2025-03-02,63,False,
1175,Sales,hiring_pipeline,2025-01-21,55,True,0.88
1141,People,forecast_model,2025-02-02,59,False,
1164,Sales,quote_builder,2025-02-16,34,True,0.93
1056,Finance,quote_builder,2025-03-23,78,False,
1084,Finance,quote_builder,2025-04-12,45,False,
1150,Finance,budget_reconciliation,2025-04-12,18,True,0.6
1011,People,budget_reconciliation,2025-03-30,44,True,0.74
1023,Finance,quote_builder,2025-03-05,34,True,0.86
1087,People,forecast_model,2025-01-08,49,False,
1166,Finance,forecast_model,2025-01-17,67,False,
1060,Sales,hiring_pipeline,2025-04-14,62,False,
1188,Finance,forecast_model,2025-03-30,54,False,
1092,People,quote_builder,2025-02-02,27,True,0.78
1113,People,hiring_pipeline,2025-03-11,68,False,
1049,People,quote_builder,2025-03-11,66,False,
1083,People,budget_reconciliation,2025-02-05,39,True,0.63
1040,Sales,hiring_pipeline,2025-04-15,78,False,
1139,Sales,budget_reconciliation,2025-01-01,49,False,
1188,Finance,forecast_model,2025-03-21,44,False,
1199,People,quote_builder,2025-02-11,33,True,0.85
1138,Sales,quote_builder,2025-03-09,59,False,
1197,People,quote_builder,2025-03-20,62,False,
1083,Sales,hiring_pipeline,2025-01-15,37,True,0.8
1018,Finance,quote_builder,2025-01-23,43,True,0.68
1125,Finance,forecast_model,2025-01-05,47,False,
1169,Sales,hiring_pipeline,2025-01-07,74,False,
1057,People,forecast_model,2025-01-02,39,True,0.85
1021,Sales,forecast_model,2025-02-16,71,False,
1095,People,forecast_model,2025-04-16,63,False,
1136,Finance,forecast_model,2025-04-17,64,False,
1020,Finance,forecast_model,2025-01-13,45,True,0.8
1049,Finance,quote_builder,2025-03-14,44,True,0.81
1143,Sales,forecast_model,2025-04-09,66,False,
1173,Sales,budget_reconciliation,2025-04-24,53,True,0.66
1047,People,budget_reconciliation,2025-03-06,61,False,
1169,Finance,budget_reconciliation,2025-04-30,67,False,
1081,People,hiring_pipeline,2025-04-19,59,False,
1106,People,budget_reconciliation,2025-04-16,74,False,
1156,Finance,quote_builder,2025-02-18,53,False,
1093,Sales,budget_reconciliation,2025-02-20,58,True,0.88
1073,People,forecast_model,2025-03-08,39,True,0.98
1078,Finance,hiring_pipeline,2025-01-29,25,True,0.93
1006,People,hiring_pipeline,2025-04-28,41,True,0.64
1118,Sales,quote_builder,2025-01-18,53,False,
1094,People,quote_builder,2025-01-30,68,False,
1077,Finance,budget_reconciliation,2025-03-14,33,True,0.88
1186,Sales,budget_reconciliation,2025-01-23,55,False,
1177,People,forecast_model,2025-03-18,41,False,
1010,People,budget_reconciliation,2025-01-11,35,True,0.95
1086,Sales,budget_reconciliation,2025-02-23,15,True,0.93
1059,People,forecast_model,2025-03-23,44,False,
1014,Sales,forecast_model,2025-02-10,47,True,0.72
1179,Finance,quote_builder,2025-01-07,67,False,
1115,People,forecast_model,2025-01-29,64,False,
1075,Sales,quote_builder,2025-01-17,50,False,
1022,Sales,forecast_model,2025-03-12,59,False,
1068,Finance,budget_reconciliation,2025-03-06,59,False,
1199,People,quote_builder,2025-04-08,28,True,0.78
1051,Sales,budget_reconciliation,2025-03-25,55,True,0.81
1189,People,quote_builder,2025-02-01,48,True,0.7
1111,Sales,forecast_model,2025-01-15,57,False,
1109,Sales,hiring_pipeline,2025-01-25,60,False,
1089,People,forecast_model,2025-04-09,62,False,
1044,Sales,budget_reconciliation,2025-03-21,19,True,0.77
1060,Finance,hiring_pipeline,2025-01-20,37,True,0.64
1014,Finance,quote_builder,2025-04-22,53,False,
1004,Sales,forecast_model,2025-02-09,49,False,
1121,Finance,hiring_pipeline,2025-01-27,37,True,0.68
1134,Sales,budget_reconciliation,2025-03-21,57,True,0.86
1172,Finance,budget_reconciliation,2025-03-16,46,True,0.7
1016,Sales,quote_builder,2025-04-12,54,False,
1014,Sales,forecast_model,2025-01-09,65,False,
